{"cameraMode":{"drawMode":0,"name":"Shaded","section":"Shading Mode"},"sceneLighting":false,"audioPlay":false,"sceneViewState":{"m_AlwaysRefresh":false,"showFog":true,"showSkybox":false,"showFlares":true,"showImageEffects":true,"showParticleSystems":true,"showVisualEffectGraphs":true,"m_FxEnabled":true},"in2DMode":false,"pivot":{"x":10.145973205566407,"y":-8.029817581176758,"z":1.0352745056152344},"rotation":{"x":0.0018466075416654349,"y":0.9880216121673584,"z":-0.15387529134750367,"w":0.011856828816235066},"size":17.432966232299806,"orthographic":false}