{"cameraMode":{"drawMode":0,"name":"Shaded","section":"Shading Mode"},"sceneLighting":true,"audioPlay":false,"sceneViewState":{"m_AlwaysRefresh":false,"showFog":true,"showSkybox":false,"showFlares":true,"showImageEffects":true,"showParticleSystems":true,"showVisualEffectGraphs":true,"m_FxEnabled":true},"in2DMode":false,"pivot":{"x":-2.868265151977539,"y":-2.9809131622314455,"z":-0.39028167724609377},"rotation":{"x":0.010982752777636052,"y":0.9874266982078552,"z":-0.13613012433052064,"w":0.07965980470180512},"size":22.965797424316408,"orthographic":false}