{"cameraMode":{"drawMode":0,"name":"Shaded","section":"Shading Mode"},"sceneLighting":false,"audioPlay":false,"sceneViewState":{"m_AlwaysRefresh":false,"showFog":true,"showSkybox":false,"showFlares":true,"showImageEffects":true,"showParticleSystems":true,"showVisualEffectGraphs":true,"m_FxEnabled":true},"in2DMode":false,"pivot":{"x":-4.292206764221191,"y":-0.3038184642791748,"z":0.3414056599140167},"rotation":{"x":0.22376270592212678,"y":0.11955301463603974,"z":-0.027605876326560975,"w":0.9669589400291443},"size":1.0543327331542969,"orthographic":true}