{"cameraMode":{"drawMode":0,"name":"Shaded","section":"Shading Mode"},"sceneLighting":false,"audioPlay":false,"sceneViewState":{"m_AlwaysRefresh":false,"showFog":true,"showSkybox":false,"showFlares":true,"showImageEffects":true,"showParticleSystems":true,"showVisualEffectGraphs":true,"m_FxEnabled":true},"in2DMode":false,"pivot":{"x":-5.808759689331055,"y":4.728841781616211,"z":-0.49878501892089846},"rotation":{"x":-0.0007111821323633194,"y":0.9929953813552856,"z":-0.005957877729088068,"w":-0.11822382360696793},"size":8.831690788269043,"orthographic":false}